timestamp,amount,hour,location,avg_amount_last_10,num_tx_last_7h,time_since_last_tx,home_location_match,fraud
2025-03-09 16:12:46.527290,42.06,20,NY,42.06,0,23.09,1,0
2025-03-09 21:18:02.712416,49.29,19,NY,42.06,1,5.09,1,0
2025-03-10 15:25:00.856516,55.27,12,NY,45.68,0,18.12,1,0
2025-03-11 01:27:45.003440,33.92,18,NY,48.87,0,10.05,1,0
2025-03-11 23:06:55.409018,48.1,10,NY,45.14,0,21.65,1,0
2025-03-12 08:02:13.252375,42.86,22,NY,45.73,0,8.92,1,0
2025-03-13 01:43:32.478557,54.4,8,NY,45.25,0,17.69,1,0
2025-03-13 10:58:53.910113,85.82,10,NY,46.56,0,9.26,1,0
2025-03-14 00:32:20.012264,45.04,8,NY,51.46,0,13.56,1,0
2025-03-14 16:37:43.698798,36.5,13,IL,50.75,0,16.09,0,0
2025-03-15 06:30:01.348251,38.08,10,NY,49.33,0,13.87,1,0
2025-03-15 13:15:02.139871,41.72,9,NY,48.93,1,6.75,1,0
2025-03-16 00:09:05.721186,55.63,11,NY,48.17,0,10.9,1,0
2025-03-16 05:14:11.922196,54.96,12,NY,48.21,1,5.09,1,0
2025-03-16 08:40:52.694938,42.63,8,NY,50.31,1,3.44,1,0
2025-03-17 08:37:17.063208,50.65,14,NY,49.76,0,23.94,1,0
2025-03-17 10:38:54.846134,66.54,17,NY,50.54,1,2.03,1,0
2025-03-17 18:05:39.065186,46.39,8,NY,51.76,0,7.45,1,0
2025-03-18 03:03:37.317201,52.78,22,NY,47.81,0,8.97,1,0
2025-03-18 18:58:41.365678,40.27,20,FL,48.59,0,15.92,0,0
2025-03-19 14:26:22.072213,55.73,22,NY,48.96,0,19.46,1,0
2025-03-19 23:29:26.242313,58.51,16,NY,50.73,0,9.05,1,0
2025-03-20 21:51:22.646567,61.73,21,NY,52.41,0,22.37,1,0
2025-03-21 07:01:10.996671,29.0,18,NY,53.02,0,9.16,1,0
2025-03-21 23:13:01.188976,54.89,11,NY,50.42,0,16.2,1,0
2025-03-22 11:41:47.350363,60.41,8,NY,51.65,0,12.48,1,0
2025-03-23 04:42:02.834591,69.23,20,NY,52.62,0,17.0,1,0
2025-03-24 02:05:59.214054,49.89,15,NY,52.89,0,21.4,1,0
2025-03-24 20:53:45.001518,45.21,16,NY,53.24,0,18.8,1,0
2025-03-25 04:34:24.189407,59.86,22,NY,52.49,0,7.68,1,0
2025-03-25 10:09:26.421575,62.88,17,NY,54.45,1,5.58,1,0
2025-03-25 17:46:56.682649,49.98,19,FL,55.16,0,7.63,0,0
2025-03-25 22:28:46.563850,55.29,21,NY,54.31,1,4.7,1,0
2025-03-26 22:24:30.811846,45.96,8,NY,53.66,0,23.93,1,0
2025-03-27 09:18:51.940080,43.59,12,NY,55.36,0,10.91,1,0
2025-03-27 23:00:10.984337,38.94,18,NY,54.23,0,13.69,1,0
2025-03-27 23:32:26.034026,54.28,11,NY,52.08,1,0.54,1,0
2025-03-28 17:03:59.345380,30.22,14,NY,50.59,0,17.53,1,0
2025-03-29 04:10:28.562706,45.94,13,FL,48.62,0,11.11,0,0
2025-03-29 21:08:20.852264,57.8,11,NY,48.69,0,16.96,1,0
2025-03-30 04:06:30.219227,59.72,21,NY,48.49,1,6.97,1,0
2025-03-30 08:54:18.058329,58.13,18,NY,48.17,1,4.8,1,0
2025-03-31 08:12:25.420097,46.95,20,NY,48.99,0,23.3,1,0
2025-03-31 14:02:29.016858,32.39,17,NY,48.15,1,5.83,1,0
2025-03-31 19:17:29.266640,42.1,22,NY,46.8,1,5.25,1,0
2025-04-01 14:25:53.412369,60.18,16,TX,46.65,0,19.14,0,0
2025-04-02 07:32:06.987537,37.86,22,NY,48.77,0,17.1,1,0
2025-04-03 00:56:49.204984,32.07,15,NY,47.13,0,17.41,1,0
2025-04-03 21:47:24.693447,38.15,19,TX,47.31,0,20.84,0,0
2025-04-04 13:01:40.615401,61.84,13,NY,46.54,0,15.24,1,0
2025-04-05 05:06:43.829366,55.45,11,FL,46.94,0,16.08,0,0
2025-04-05 23:12:55.834803,49.29,13,NY,46.51,0,18.1,1,0
2025-04-06 11:39:05.246971,33.19,9,NY,45.63,0,12.44,1,0
2025-04-06 22:45:08.971364,37.13,22,NY,44.25,0,11.1,1,0
2025-04-07 13:02:15.741574,46.63,21,NY,44.73,0,14.29,1,0
2025-04-08 12:55:16.994302,40.86,13,NY,45.18,0,23.88,1,0
2025-04-09 07:12:58.284879,41.62,15,NY,43.25,0,18.29,1,0
2025-04-09 12:14:10.790577,48.3,22,FL,43.62,1,5.02,0,0
2025-04-10 02:30:46.707056,59.94,11,NY,45.25,0,14.28,1,0
2025-04-10 21:37:20.430859,50.99,18,NY,47.42,0,19.11,1,0
2025-04-10 23:53:13.703489,64.19,13,NY,46.34,1,2.26,1,0
2025-04-11 12:25:33.985582,53.68,20,FL,47.21,0,12.54,0,0
2025-04-12 04:17:17.961435,53.35,9,NY,47.65,0,15.86,1,0
2025-04-12 16:32:22.746034,35.31,12,NY,49.67,0,12.25,1,0
2025-04-13 09:03:55.386226,46.72,19,NY,49.49,0,16.53,1,0
2025-04-13 10:18:38.421073,39.83,22,NY,49.5,1,1.25,1,0
2025-04-13 10:58:18.376618,56.07,22,NY,49.39,2,0.66,1,0
2025-04-13 18:11:38.145330,50.84,22,NY,50.84,0,7.22,1,0
2025-04-14 00:33:09.787904,70.0,13,NY,51.09,1,6.36,1,0
2025-04-14 03:24:56.594214,24.73,14,NY,52.1,1,2.86,1,0
2025-04-14 12:12:09.382535,38.0,16,NY,49.47,0,8.79,1,0
2025-04-14 17:19:41.993494,32.16,11,NY,46.85,1,5.13,1,0
2025-04-15 00:08:27.432719,42.27,16,NY,44.7,1,6.81,1,0
2025-04-15 11:37:42.832651,58.57,10,CA,43.59,0,11.49,0,0
2025-04-15 17:05:16.891866,49.92,21,NY,45.92,1,5.46,1,0
2025-04-16 12:22:06.928673,48.03,10,NY,46.24,0,19.28,1,0
2025-04-17 10:35:49.586964,47.39,10,NY,47.06,0,22.23,1,0
2025-04-18 08:04:35.786145,48.69,14,NY,46.19,0,21.48,1,0
2025-04-19 03:12:27.410727,51.04,22,NY,45.98,0,19.13,1,0
2025-04-19 14:53:04.083132,38.63,12,NY,44.08,0,11.68,1,0
2025-04-20 02:06:24.655076,40.4,13,NY,45.47,0,11.22,1,0
2025-04-21 00:34:16.998285,52.05,10,NY,45.71,0,22.46,1,0
2025-04-21 23:35:05.638800,50.22,20,NY,47.7,0,23.01,1,0
2025-04-22 03:52:11.283597,44.09,8,NY,48.49,1,4.28,1,0
2025-04-22 20:53:58.855947,49.41,14,NY,47.05,0,17.03,1,0
2025-04-23 08:37:56.609790,27.69,17,NY,46.99,0,11.73,1,0
2025-04-23 21:35:46.748010,50.25,22,NY,44.96,0,12.96,1,0
2025-04-24 19:29:41.150446,62.25,22,NY,45.25,0,21.9,1,0
2025-04-25 15:17:47.220791,30.16,20,NY,46.6,0,19.8,1,0
2025-04-26 13:46:05.433622,35.54,18,NY,44.52,0,22.47,1,0
2025-04-27 10:30:24.554841,45.5,16,NY,44.21,0,20.74,1,0
2025-04-28 01:22:22.520532,44.86,18,NY,44.72,0,14.87,1,0
2025-04-28 14:11:57.665532,62.4,15,NY,44.0,0,12.83,1,0
2025-04-29 07:19:07.107617,48.85,8,NY,45.22,0,17.12,1,0
2025-04-30 02:17:02.747683,51.46,9,NY,45.69,0,18.97,1,0
2025-04-30 06:23:55.372841,45.36,18,NY,45.9,1,4.11,1,0
2025-05-01 05:29:04.188553,81.35,8,NY,47.66,0,23.09,1,0
2025-05-02 03:52:54.645092,65.01,8,NY,50.77,0,22.4,1,0
2025-05-02 16:18:23.617521,53.67,13,NY,51.05,0,12.42,1,0
2025-05-02 23:37:35.422508,43.15,20,NY,53.4,0,7.32,1,0
2025-05-03 20:35:28.924496,44.74,19,NY,54.16,0,20.96,1,0
2025-05-04 18:20:19.508016,31.89,15,NY,54.08,0,21.75,1,0
2025-05-05 00:06:18.864970,322.82,5,CA,52.79,1,5.77,0,1
2025-05-05 07:00:39.721502,49.83,16,FL,78.83,1,6.91,0,0
2025-05-06 04:15:36.040700,39.59,17,NY,78.93,0,21.25,1,0
2025-05-06 14:01:37.589457,50.6,17,NY,77.74,0,9.77,1,0
2025-05-07 01:58:24.089803,35.93,18,NY,78.27,0,11.95,1,0
2025-05-07 09:15:03.085436,72.89,19,NY,73.72,0,7.28,1,0
2025-05-07 18:28:31.375053,57.26,9,NY,74.51,0,9.22,1,0
2025-05-08 02:26:37.898138,47.83,13,NY,74.87,0,7.97,1,0
2025-05-08 19:46:38.666324,57.89,15,NY,75.34,0,17.33,1,0
2025-05-09 18:04:07.416752,48.0,15,NY,76.65,0,22.29,1,0
2025-05-10 04:32:39.132050,75.39,14,NY,78.26,0,10.48,1,0
2025-05-10 23:25:12.251607,63.15,12,NY,53.52,0,18.88,1,0
2025-05-11 16:56:56.984724,71.91,19,NY,54.85,0,17.53,1,0
2025-05-12 06:17:46.518688,69.79,9,NY,58.08,0,13.35,1,0
2025-05-12 11:42:08.668622,31.18,22,NY,60.0,1,5.41,1,0
2025-05-13 07:16:06.152866,34.55,21,NY,59.53,0,19.57,1,0
2025-05-14 02:54:29.027217,52.3,21,NY,55.69,0,19.64,1,0
2025-05-14 03:37:54.853498,46.78,20,NY,55.2,1,0.72,1,0
2025-05-14 23:31:00.233715,52.81,8,NY,55.09,0,19.88,1,0
2025-05-15 23:25:30.666980,51.06,16,NY,54.59,0,23.91,1,0
2025-05-16 21:15:15.346199,50.77,19,NY,54.89,0,21.83,1,0
2025-05-17 11:19:53.152071,48.72,18,NY,52.43,0,14.08,1,0
2025-05-17 12:43:55.267545,60.55,18,NY,50.99,1,1.4,1,0
2025-05-18 03:29:58.420567,35.09,18,NY,49.85,0,14.77,1,0
2025-05-18 17:52:45.366580,46.48,8,TX,46.38,0,14.38,0,0
2025-05-19 05:06:24.949311,52.24,10,NY,47.91,0,11.23,1,0
2025-05-19 12:09:08.544125,45.67,8,NY,49.68,0,7.05,1,0
2025-05-20 06:10:09.721811,26.15,21,NY,49.02,0,18.02,1,0
2025-05-21 04:55:20.899176,20.14,22,TX,46.95,0,22.75,0,0
2025-05-21 09:53:37.179495,44.09,14,NY,43.69,1,4.97,1,0
2025-05-21 20:06:12.041770,48.69,16,NY,42.99,0,10.21,1,0
2025-05-22 13:05:16.173439,341.63,6,FL,42.78,0,16.98,0,1
2025-05-23 08:41:36.307076,54.5,19,NY,72.07,0,19.61,1,0
2025-05-24 02:44:16.790418,67.25,20,NY,71.47,0,18.04,1,0
2025-05-24 22:13:09.200231,52.71,20,NY,74.68,0,19.48,1,0
2025-05-24 22:47:04.408525,64.68,19,NY,75.31,1,0.57,1,0
2025-05-25 12:08:31.185446,51.97,10,NY,76.55,0,13.36,1,0
2025-05-26 01:50:11.151208,53.0,13,NY,77.18,0,13.69,1,0
2025-05-26 07:05:26.241951,48.47,12,NY,79.87,1,5.25,1,0
2025-05-26 12:52:30.416136,48.26,9,NY,82.7,1,5.78,1,0
2025-05-26 14:51:46.394916,40.79,18,NY,83.12,1,1.99,1,0
2025-05-26 16:59:59.855388,43.53,9,NY,82.33,2,2.14,1,0
2025-05-26 21:48:35.230215,42.14,14,NY,52.52,2,4.81,1,0
2025-05-27 20:48:50.570874,48.81,9,NY,51.28,0,23.0,1,0
2025-05-28 04:46:29.080452,54.37,21,NY,49.44,0,7.96,1,0
2025-05-28 13:57:15.982549,50.07,12,FL,49.6,0,9.18,0,0
2025-05-28 17:59:39.009589,63.15,18,TX,48.14,1,4.04,0,0
2025-05-29 06:30:13.738541,41.22,12,NY,49.26,0,12.51,1,0
2025-05-29 20:36:25.860304,66.34,16,NY,48.08,0,14.1,1,0
2025-05-30 20:31:05.057260,48.68,19,CA,49.87,0,23.91,0,0
2025-05-31 15:45:36.616680,42.91,14,NY,49.91,0,19.24,1,0
2025-05-31 20:34:20.203274,249.1,2,CA,50.12,1,4.81,0,1
2025-06-01 19:48:00.692389,46.64,21,NY,70.68,0,23.23,1,0
2025-06-02 15:17:40.494420,49.83,13,NY,71.13,0,19.49,1,0
2025-06-02 16:32:59.782760,65.54,22,NY,71.23,1,1.26,1,0
2025-06-02 20:29:24.378295,59.87,21,NY,72.35,2,3.94,1,0
2025-06-03 04:38:36.137933,42.32,19,IL,73.33,0,8.15,0,0
2025-06-03 11:46:59.339257,66.78,14,IL,71.24,0,7.14,0,0
2025-06-03 23:07:53.099063,39.37,18,NY,73.8,0,11.35,1,0
2025-06-04 17:05:37.004250,39.25,10,NY,71.1,0,17.96,1,0
2025-06-05 15:48:56.114305,54.46,19,NY,70.16,0,22.72,1,0
2025-06-06 09:25:49.693752,272.59,4,IL,71.32,0,17.61,0,1
2025-06-06 15:13:32.759274,36.43,20,NY,73.66,1,5.8,1,0
2025-06-07 03:58:33.093557,47.33,19,NY,72.64,0,12.75,1,0
2025-06-08 00:50:16.037257,46.64,10,NY,72.39,0,20.86,1,0
2025-06-08 10:41:31.237551,70.01,20,NY,70.5,0,9.85,1,0
2025-06-08 13:06:29.971530,49.92,15,NY,71.52,1,2.42,1,0
2025-06-08 22:08:45.924590,43.65,14,NY,72.28,0,9.04,1,0
2025-06-09 01:56:23.324394,42.99,18,NY,69.96,1,3.79,1,0
2025-06-09 03:48:06.483115,44.1,20,NY,70.33,2,1.86,1,0
2025-06-09 21:44:38.121903,53.08,20,NY,70.81,0,17.94,1,0
2025-06-10 08:58:11.171427,49.6,20,NY,70.67,0,11.23,1,0
2025-06-10 22:33:16.318278,55.86,12,NY,48.38,0,13.58,1,0
2025-06-11 20:19:34.335867,55.82,21,NY,50.32,0,21.77,1,0
2025-06-12 17:04:21.608194,43.11,17,NY,51.17,0,20.75,1,0
2025-06-13 12:59:02.859991,66.75,19,NY,50.81,0,19.91,1,0
2025-06-13 17:28:33.635771,44.76,9,NY,50.49,1,4.49,1,0
2025-06-14 14:34:14.405047,67.88,8,NY,49.97,0,21.09,1,0
2025-06-15 00:31:23.526506,36.16,19,NY,52.4,0,9.95,1,0
2025-06-15 01:56:09.641179,48.74,22,NY,51.71,1,1.41,1,0
2025-06-15 14:57:12.110504,64.51,16,NY,52.18,0,13.02,1,0
2025-06-16 08:00:33.082021,58.47,18,NY,53.32,0,17.06,1,0
2025-06-16 21:07:01.297480,256.55,3,CA,54.21,0,13.11,0,1
2025-06-17 11:07:38.542799,50.51,18,NY,74.28,0,14.01,1,0
2025-06-17 15:00:11.077025,52.72,14,NY,73.74,1,3.88,1,0
2025-06-17 22:24:25.185609,50.14,8,NY,74.7,0,7.4,1,0
2025-06-18 08:29:52.861100,51.3,18,TX,73.04,0,10.09,0,0
2025-06-18 12:43:31.438974,72.92,13,NY,73.7,1,4.23,1,0
2025-06-19 04:00:16.053635,48.35,11,NY,74.2,0,15.28,1,0
2025-06-19 07:12:59.169740,44.27,14,NY,75.42,1,3.21,1,0
2025-06-20 01:59:32.220865,40.17,13,NY,74.97,0,18.78,1,0
2025-06-20 17:06:13.997658,57.72,12,NY,72.54,0,15.11,1,0
2025-06-20 22:00:31.356643,60.44,19,NY,72.46,1,4.9,1,0
2025-06-21 06:08:56.737487,61.37,11,NY,52.85,0,8.14,1,0
2025-06-21 10:04:04.373628,64.76,17,NY,53.94,1,3.92,1,0
2025-06-22 06:50:16.372800,50.67,20,NY,55.14,0,20.77,1,0
2025-06-22 11:02:35.103615,55.2,18,NY,55.2,1,4.21,1,0
2025-06-23 02:41:24.599741,55.08,17,NY,55.59,0,15.65,1,0
2025-06-23 18:51:29.940743,55.01,14,NY,53.8,0,16.17,1,0
2025-06-24 15:43:10.683941,36.88,22,NY,54.47,0,20.86,1,0
2025-06-25 11:14:46.369207,44.36,9,TX,53.73,0,19.53,0,0
2025-06-26 09:21:36.169200,50.4,17,NY,54.15,0,22.11,1,0
2025-06-26 19:38:48.015773,72.32,10,NY,53.42,0,10.29,1,0
2025-06-27 05:38:40.140417,50.47,15,NY,54.6,0,10.0,1,0
2025-06-27 20:23:40.248096,50.24,8,NY,53.52,0,14.75,1,0
2025-06-28 19:36:15.627428,37.51,8,NY,52.06,0,23.21,1,0
2025-06-29 13:02:33.094980,52.95,9,NY,50.75,0,17.44,1,0
2025-06-30 11:56:31.637254,51.81,9,TX,50.52,0,22.9,0,0
2025-06-30 12:54:30.141889,32.94,17,NY,50.19,1,0.97,1,0
2025-06-30 21:34:02.598293,55.59,14,NY,47.99,0,8.66,1,0
2025-07-01 13:13:22.387453,70.06,10,NY,49.86,0,15.66,1,0
2025-07-02 11:40:17.173203,46.82,13,NY,52.43,0,22.45,1,0
2025-07-03 08:52:24.562546,39.23,20,NY,52.07,0,21.2,1,0
2025-07-04 06:24:04.033334,42.96,9,NY,48.76,0,21.53,1,0
2025-07-04 19:54:43.308400,49.49,19,NY,48.01,0,13.51,1,0
2025-07-05 18:21:50.592675,44.6,14,CA,47.94,0,22.45,0,0
2025-07-06 14:14:01.729535,45.33,8,NY,48.64,0,19.87,1,0
2025-07-06 15:41:51.590624,31.35,12,NY,47.88,1,1.46,1,0
2025-07-06 18:42:19.813123,73.4,19,NY,45.84,2,3.01,1,0
2025-07-07 00:03:09.804940,52.05,12,NY,49.88,1,5.35,1,0
2025-07-07 14:38:33.990832,70.55,18,NY,49.53,0,14.59,1,0
2025-07-08 09:25:37.117734,34.66,22,NY,49.58,0,18.78,1,0
2025-07-08 11:13:45.943023,61.69,19,NY,48.36,1,1.8,1,0
2025-07-08 18:39:28.381717,44.69,9,NY,50.61,0,7.43,1,0
2025-07-09 01:15:53.104507,60.05,22,NY,50.78,1,6.61,1,0
2025-07-09 14:41:15.314079,70.66,14,NY,51.84,0,13.42,1,0
2025-07-10 13:13:43.015417,51.0,17,NY,54.44,0,22.54,1,0
2025-07-11 11:27:20.825222,38.7,8,NY,55.01,0,22.23,1,0
2025-07-11 19:30:10.267387,53.44,20,NY,55.74,0,8.05,1,0
2025-07-12 00:54:56.377793,51.3,12,NY,53.75,1,5.41,1,0
2025-07-12 17:01:36.223178,46.26,14,NY,53.67,0,16.11,1,0
2025-07-12 20:51:53.180431,44.87,19,NY,51.24,1,3.84,1,0
2025-07-13 02:13:55.231814,38.56,8,NY,52.27,1,5.37,1,0
2025-07-13 10:43:55.650930,52.66,8,NY,49.95,0,8.5,1,0
2025-07-13 13:39:47.936857,46.52,15,NY,50.75,1,2.93,1,0
2025-07-14 13:02:32.054054,60.86,15,NY,49.4,0,23.38,1,0
2025-07-15 05:40:23.049257,32.01,16,NY,48.42,0,16.63,1,0
2025-07-15 10:14:20.512302,49.33,11,NY,46.52,1,4.57,1,0
2025-07-15 12:58:38.061424,43.12,16,NY,47.58,1,2.74,1,0
2025-07-15 21:19:09.383833,53.27,16,NY,46.55,0,8.34,1,0
2025-07-16 21:03:17.983737,45.73,22,NY,46.75,0,23.74,1,0
2025-07-17 06:38:39.737564,58.76,15,NY,46.69,0,9.59,1,0
2025-07-17 09:22:56.116324,53.64,13,NY,48.08,1,2.74,1,0
2025-07-18 07:54:50.480540,59.35,11,NY,49.59,0,22.53,1,0
2025-07-18 22:33:58.699443,55.41,10,NY,50.26,0,14.65,1,0
2025-07-19 12:17:18.510686,71.97,18,NY,51.15,0,13.72,1,0
2025-07-20 06:53:37.099031,58.39,11,NY,52.26,0,18.61,1,0
2025-07-20 08:17:44.261942,51.23,17,NY,54.9,1,1.4,1,0
2025-07-20 17:03:19.194200,60.26,15,NY,55.09,0,8.76,1,0
2025-07-20 19:28:35.025975,54.41,21,NY,56.8,1,2.42,1,0
2025-07-21 15:26:39.528854,39.01,21,NY,56.92,0,19.97,1,0
2025-07-22 01:34:35.767111,52.92,9,NY,56.24,0,10.13,1,0
2025-07-22 11:34:29.500607,48.1,8,NY,55.66,0,10.0,1,0
2025-07-22 23:13:50.573858,63.31,12,NY,55.1,0,11.66,1,0
2025-07-23 07:37:10.485838,48.47,15,NY,55.5,0,8.39,1,0
2025-07-23 16:28:06.974965,55.89,18,NY,54.81,0,8.85,1,0
2025-07-24 07:28:51.308612,53.13,10,NY,53.2,0,15.01,1,0
2025-07-24 23:13:28.453207,47.29,19,NY,52.67,0,15.74,1,0
2025-07-25 04:54:54.784110,32.59,17,TX,52.28,1,5.69,0,0
2025-07-25 15:01:21.235607,42.59,20,FL,49.51,0,10.11,0,0
2025-07-26 05:26:16.816714,62.42,9,CA,48.33,0,14.42,0,0
2025-07-26 22:03:31.887211,41.12,15,NY,50.67,0,16.62,1,0
2025-07-27 02:59:34.703469,51.35,21,NY,49.49,1,4.93,1,0
2025-07-28 02:15:17.568622,48.17,22,NY,49.82,0,23.26,1,0
2025-07-28 03:32:44.659060,68.41,13,TX,48.3,1,1.29,0,0
2025-07-28 12:58:12.908823,64.34,18,NY,50.3,0,9.42,1,0
2025-07-29 11:08:35.475869,47.35,17,NY,51.14,0,22.17,1,0
2025-07-30 00:26:00.463154,308.52,3,CA,50.56,0,13.29,0,1
2025-07-30 19:27:13.441413,46.18,14,NY,76.69,0,19.02,1,0
2025-07-30 21:13:01.948479,56.28,14,NY,78.04,1,1.76,1,0
2025-07-31 15:05:09.975504,43.99,19,NY,79.41,0,17.87,1,0
2025-07-31 22:43:47.736637,54.39,18,NY,77.57,0,7.64,1,0
2025-08-01 22:27:52.478234,40.89,10,NY,78.9,0,23.73,1,0
2025-08-02 02:18:41.707081,56.32,21,NY,77.85,1,3.85,1,0
2025-08-02 21:39:02.574792,57.58,17,NY,78.67,0,19.34,1,0
2025-08-03 05:09:17.799105,51.74,18,NY,77.58,0,7.5,1,0
2025-08-03 22:58:47.311410,41.08,12,NY,76.32,0,17.82,1,0
2025-08-04 03:17:21.087465,47.99,20,NY,75.7,1,4.31,1,0
2025-08-04 08:32:28.400105,293.39,5,FL,49.64,1,5.25,0,1
2025-08-05 05:53:39.215491,262.46,3,CA,74.36,0,21.35,0,1
2025-08-05 19:28:35.413738,40.17,19,NY,94.98,0,13.58,1,0
2025-08-06 01:47:33.349591,38.57,20,NY,94.6,1,6.32,1,0
2025-08-06 19:00:06.545226,43.28,22,NY,93.02,0,17.21,1,0
2025-08-07 10:43:18.790227,27.17,19,NY,93.26,0,15.72,1,0
2025-08-08 07:58:43.788823,65.63,10,NY,90.34,0,21.26,1,0
2025-08-08 11:27:30.175933,61.0,9,NY,91.15,1,3.48,1,0
2025-08-08 15:59:58.373505,39.44,17,NY,92.07,1,4.54,1,0
2025-08-09 08:07:51.459058,31.9,13,NY,91.91,0,16.13,1,0
2025-08-10 05:27:45.235300,70.97,20,NY,90.3,0,21.33,1,0
2025-08-10 18:36:36.759744,34.03,17,NY,68.06,0,13.15,1,0
2025-08-10 23:46:06.811347,45.86,22,NY,45.22,1,5.16,1,0
2025-08-11 10:14:17.477505,42.15,12,NY,45.78,0,10.47,1,0
2025-08-11 10:56:26.126655,64.04,22,NY,46.14,1,0.7,1,0
2025-08-12 03:14:25.045603,39.0,18,NY,48.22,0,16.3,1,0
2025-08-12 05:46:41.914539,68.02,18,NY,49.4,1,2.54,1,0
2025-08-12 08:33:24.798527,64.11,22,NY,49.64,2,2.78,1,0
2025-08-12 18:13:14.696545,31.76,22,NY,49.95,0,9.66,1,0
2025-08-13 17:27:29.677064,43.32,16,NY,49.18,0,23.24,1,0
2025-08-13 21:23:08.251972,60.74,11,NY,50.33,1,3.93,1,0
2025-08-14 03:48:13.304386,62.71,22,NY,49.3,1,6.42,1,0
2025-08-15 02:28:00.928774,47.66,8,NY,52.17,0,22.66,1,0
2025-08-15 19:28:52.415895,45.06,17,IL,52.35,0,17.01,0,0
2025-08-16 15:05:11.868359,287.47,3,IL,52.64,0,19.61,0,1
2025-08-17 12:47:04.831008,37.91,10,NY,74.98,0,21.7,1,0
2025-08-17 22:01:59.843719,58.62,10,NY,74.88,0,9.25,1,0
2025-08-18 07:28:15.795029,54.22,10,NY,73.94,0,9.44,1,0
2025-08-18 11:04:52.721025,36.97,8,NY,72.95,1,3.61,1,0
2025-08-18 23:48:49.498601,37.56,20,TX,73.47,0,12.73,0,0
2025-08-19 17:10:36.167775,55.45,17,NY,72.89,0,17.36,1,0
2025-08-20 11:53:18.708902,44.13,17,NY,72.36,0,18.71,1,0
2025-08-20 18:35:30.350255,63.08,9,NY,70.51,1,6.7,1,0
2025-08-21 16:03:18.571445,52.19,17,NY,72.05,0,21.46,1,0
2025-08-21 20:13:13.259118,48.43,13,NY,72.76,1,4.17,1,0
2025-08-22 09:28:46.720414,42.19,11,NY,48.86,0,13.26,1,0
2025-08-22 18:47:41.927189,48.79,18,NY,49.28,0,9.32,1,0
2025-08-23 13:30:04.223384,74.42,8,NY,48.3,0,18.71,1,0
2025-08-23 18:30:41.047137,33.85,22,NY,50.32,1,5.01,1,0
2025-08-24 08:31:52.883767,62.02,20,NY,50.01,0,14.02,1,0
2025-08-25 01:16:37.068924,26.9,20,NY,52.46,0,16.75,1,0
2025-08-25 19:29:57.718044,57.1,15,NY,49.6,0,18.22,1,0
2025-08-26 01:49:13.639580,44.81,21,NY,50.9,1,6.32,1,0
2025-08-26 22:33:55.220568,33.64,21,NY,49.07,0,20.74,1,0
2025-08-27 01:49:37.228395,56.31,9,NY,47.22,1,3.26,1,0
2025-08-27 04:36:38.349125,57.96,22,NY,48.0,2,2.78,1,0
2025-08-27 14:46:12.727869,52.62,8,NY,49.58,0,10.16,1,0
2025-08-28 12:35:33.472178,30.45,9,NY,49.96,0,21.82,1,0
2025-08-28 14:39:41.839631,62.81,9,NY,45.57,1,2.07,1,0
2025-08-28 17:32:54.803157,61.93,13,NY,48.46,2,2.89,1,0
2025-08-29 15:41:51.831875,52.19,18,NY,48.45,0,22.15,1,0
2025-08-30 00:28:31.605775,41.31,8,NY,50.98,0,8.78,1,0
2025-08-30 10:10:04.194375,43.65,13,NY,49.4,0,9.69,1,0
2025-08-30 21:59:31.472697,46.01,21,NY,49.29,0,11.82,1,0
2025-08-31 01:29:39.704023,58.67,9,NY,50.52,1,3.5,1,0
2025-08-31 03:16:59.324594,48.99,8,NY,50.76,2,1.79,1,0
2025-08-31 12:41:59.259188,58.35,13,NY,49.86,0,9.42,1,0
2025-09-01 09:32:31.342937,46.71,14,FL,50.44,0,20.84,0,0
2025-09-01 13:35:46.854623,21.3,18,NY,52.06,1,4.05,1,0
2025-09-02 07:43:53.139021,58.63,17,NY,47.91,0,18.14,1,0
2025-09-03 01:43:25.180803,61.23,8,NY,47.58,0,17.99,1,0
2025-09-03 17:08:52.209588,38.34,19,NY,48.48,0,15.42,1,0
2025-09-04 06:22:55.979760,42.91,20,NY,48.19,0,13.23,1,0
2025-09-04 19:28:13.300523,61.46,13,TX,48.11,0,13.09,0,0
2025-09-05 11:50:05.985526,55.18,22,NY,49.66,0,16.36,1,0
2025-09-05 18:20:15.173657,58.01,20,FL,49.31,1,6.5,0,0
2025-09-06 14:13:53.607594,66.39,10,NY,50.21,0,19.89,1,0
2025-09-06 18:35:14.373959,49.64,21,NY,51.02,1,4.36,1,0
2025-09-07 11:04:26.275934,37.55,21,NY,51.31,0,16.49,1,0
2025-09-08 03:37:39.530763,49.1,9,NY,52.93,0,16.55,1,0
2025-09-08 16:17:59.149390,68.33,17,NY,51.98,0,12.67,1,0
2025-09-08 22:59:30.358448,52.33,18,NY,52.69,1,6.69,1,0
2025-09-09 01:23:57.118579,47.55,15,NY,54.09,1,2.41,1,0
2025-09-09 03:37:14.374939,61.58,18,NY,54.55,2,2.22,1,0
2025-09-09 17:34:46.165176,64.57,18,NY,54.57,0,13.96,1,0
2025-09-09 19:25:17.450496,59.45,22,TX,55.5,1,1.84,0,0
2025-09-10 09:46:38.772957,49.82,19,NY,55.65,0,14.36,1,0
2025-09-11 00:30:14.440351,55.89,11,NY,53.99,0,14.73,1,0
2025-09-12 00:06:44.497948,37.13,8,NY,54.62,0,23.61,1,0
2025-09-12 05:15:26.925802,58.57,18,NY,54.58,1,5.15,1,0
2025-09-13 00:01:02.244870,40.45,22,NY,55.52,0,18.76,1,0
2025-09-13 20:10:59.351524,53.64,21,NY,52.73,0,20.17,1,0
2025-09-14 00:13:50.741881,57.22,21,CA,52.86,1,4.05,0,0
2025-09-14 22:22:36.108222,38.11,9,NY,53.83,0,22.15,1,0
2025-09-15 00:54:35.248788,60.67,12,NY,51.48,1,2.53,1,0
2025-09-15 09:01:32.909046,52.32,22,NY,51.1,0,8.12,1,0
2025-09-15 10:42:17.209799,56.93,10,NY,50.38,1,1.68,1,0
2025-09-16 03:04:29.392304,55.06,13,FL,51.09,0,16.37,0,0
2025-09-17 02:13:09.719496,30.97,13,NY,51.01,0,23.14,1,0
2025-09-17 10:47:01.026680,26.73,18,NY,50.39,0,8.56,1,0
2025-09-18 10:03:01.107721,62.99,8,NY,47.21,0,23.27,1,0
2025-09-18 16:07:52.649104,31.01,17,NY,49.46,1,6.08,1,0
2025-09-18 20:24:49.315116,51.26,14,NY,47.2,1,4.28,1,0
2025-09-19 12:21:09.852407,43.84,13,NY,46.6,0,15.94,1,0
2025-09-20 05:14:33.732128,58.49,18,NY,47.18,0,16.89,1,0
2025-09-20 12:26:12.311304,56.88,15,TX,46.96,0,7.19,0,0
2025-09-21 06:26:38.209486,60.92,19,NY,47.42,0,18.01,1,0
2025-09-22 00:55:46.465258,42.88,15,NY,47.82,0,18.49,1,0
2025-09-22 07:51:49.136818,40.9,22,NY,46.6,1,6.93,1,0
2025-09-22 09:51:10.203839,38.2,8,NY,47.59,1,1.99,1,0
2025-09-22 17:22:12.378225,69.41,9,NY,48.74,0,7.52,1,0
2025-09-23 08:42:57.859916,48.7,11,NY,49.38,0,15.35,1,0
2025-09-23 20:20:06.885642,51.13,18,NY,51.15,0,11.62,1,0
2025-09-24 15:35:00.793097,60.39,10,NY,51.14,0,19.25,1,0
2025-09-24 16:21:24.488034,49.61,13,NY,52.79,1,0.77,1,0
2025-09-25 07:20:04.805254,55.7,19,NY,51.9,0,14.98,1,0
2025-09-26 03:23:18.167724,52.74,19,NY,51.78,0,20.05,1,0
2025-09-27 01:15:37.591539,58.65,15,NY,50.97,0,21.87,1,0
2025-09-27 11:54:25.849163,48.75,19,FL,52.54,0,10.65,0,0
2025-09-28 00:20:47.375488,53.83,8,NY,53.33,0,12.44,1,0
2025-09-28 20:33:08.637944,45.49,12,NY,54.89,0,20.21,1,0
2025-09-29 06:41:22.600224,62.51,9,NY,52.5,0,10.14,1,0
2025-09-29 13:39:45.607351,49.61,22,NY,53.88,1,6.97,1,0
2025-09-29 23:15:46.876992,45.88,14,NY,53.73,0,9.6,1,0
2025-09-30 04:12:32.849565,65.36,14,NY,52.28,1,4.95,1,0
2025-09-30 11:52:02.329210,62.12,11,NY,53.85,0,7.66,1,0
2025-10-01 11:47:50.588269,55.8,10,NY,54.49,0,23.93,1,0
2025-10-01 21:58:39.683120,60.88,16,NY,54.8,0,10.18,1,0
2025-10-02 06:17:23.773555,39.24,11,NY,55.02,0,8.31,1,0
2025-10-02 23:34:04.041571,55.15,13,NY,54.07,0,17.28,1,0
2025-10-03 07:39:21.940851,53.4,17,NY,54.2,0,8.09,1,0
2025-10-04 05:08:32.703515,50.11,14,IL,54.99,0,21.49,0,0
2025-10-04 07:27:30.236725,47.17,12,NY,53.76,1,2.32,1,0
2025-10-04 11:59:02.374417,60.5,9,NY,53.51,2,4.53,1,0
2025-10-05 05:21:15.637581,52.37,14,NY,54.97,0,17.37,1,0
2025-10-05 11:04:46.615216,67.57,17,NY,53.67,1,5.73,1,0
2025-10-05 14:44:51.386782,45.21,13,NY,54.22,1,3.67,1,0
2025-10-06 12:38:04.516258,41.01,9,NY,53.16,0,21.89,1,0
2025-10-07 09:19:25.363267,63.77,16,NY,51.17,0,20.69,1,0
2025-10-07 10:26:13.991121,51.8,20,NY,53.63,1,1.11,1,0
2025-10-07 19:22:41.319851,36.46,17,NY,53.29,0,8.94,1,0
2025-10-08 08:06:06.497324,52.69,13,NY,51.6,0,12.72,1,0
2025-10-08 16:20:05.531750,58.06,13,NY,51.86,0,8.23,1,0
2025-10-09 10:16:22.898402,41.63,16,FL,52.94,0,17.94,0,0
2025-10-09 23:04:47.760570,48.84,17,NY,51.06,0,12.81,1,0
2025-10-10 10:38:38.923501,56.85,15,NY,50.7,0,11.56,1,0
2025-10-11 08:11:42.772772,56.74,20,IL,49.63,0,21.55,0,0
2025-10-11 20:03:38.393935,58.33,13,NY,50.78,0,11.87,1,0
2025-10-12 05:37:27.815101,66.91,20,NY,52.52,0,9.56,1,0
2025-10-12 16:07:33.036130,71.47,18,NY,52.83,0,10.5,1,0
2025-10-13 11:00:12.292631,44.38,10,TX,54.8,0,18.88,0,0
2025-10-14 07:51:10.704704,36.65,10,NY,55.59,0,20.85,1,0
2025-10-14 22:19:31.050996,45.98,16,NY,53.99,0,14.47,1,0
2025-10-15 04:53:28.561839,45.02,13,NY,52.78,1,6.57,1,0
2025-10-15 21:05:01.079813,49.47,17,NY,53.12,0,16.19,1,0
2025-10-16 03:48:12.126398,35.21,18,NY,53.18,1,6.72,1,0
2025-10-16 10:03:08.221949,46.21,19,NY,51.02,1,6.25,1,0
2025-10-16 18:14:13.422305,51.68,8,NY,49.96,0,8.18,1,0
2025-10-16 23:31:22.177038,49.85,12,CA,49.3,1,5.29,0,0
2025-10-17 04:12:11.240339,31.12,20,NY,47.59,1,4.68,1,0
2025-10-17 15:12:48.199089,57.52,20,NY,43.56,0,11.01,1,0
2025-10-18 02:51:19.829387,40.11,10,NY,44.87,0,11.64,1,0
2025-10-18 17:24:38.624205,51.58,8,NY,45.22,0,14.56,1,0
2025-10-18 19:49:24.580434,66.79,18,NY,45.78,1,2.41,1,0
2025-10-18 23:12:02.179886,41.77,20,NY,47.95,2,3.38,1,0
2025-10-19 07:45:02.859365,43.48,19,NY,47.18,0,8.55,1,0
2025-10-19 18:54:52.404740,36.42,16,NY,48.01,0,11.16,1,0
2025-10-19 21:37:16.389924,171.18,2,IL,47.03,1,2.71,0,1
2025-10-20 10:28:13.791369,50.15,12,NY,58.98,0,12.85,1,0
2025-10-20 15:43:55.416630,51.6,20,NY,59.01,1,5.26,1,0
2025-10-21 15:38:46.048225,62.4,10,NY,61.06,0,23.91,1,0
2025-10-22 12:31:56.414352,51.85,21,NY,61.55,0,20.89,1,0
2025-10-23 07:13:47.135605,78.78,22,NY,62.72,0,18.7,1,0
2025-10-23 10:00:23.902954,62.17,10,NY,65.44,1,2.78,1,0
2025-10-23 19:07:29.669990,58.21,21,NY,64.98,0,9.12,1,0
2025-10-24 09:33:39.915011,51.32,9,NY,66.62,0,14.44,1,0
2025-10-24 12:46:10.048237,45.12,10,NY,67.41,1,3.21,1,0
2025-10-24 22:26:57.466495,57.46,8,NY,68.28,0,9.68,1,0
2025-10-25 14:11:27.853993,45.78,8,NY,56.91,0,15.74,1,0
2025-10-26 08:30:25.859122,46.14,20,NY,56.47,0,18.32,1,0
2025-10-26 19:55:06.541183,61.77,16,NY,55.92,0,11.41,1,0
2025-10-27 15:16:48.901936,56.7,13,NY,55.86,0,19.36,1,0
2025-10-28 05:21:56.824212,67.8,19,NY,56.35,0,14.09,1,0
2025-10-29 02:59:46.147132,50.76,20,NY,55.25,0,21.63,1,0
2025-10-30 01:12:23.231958,29.23,13,NY,54.11,0,22.21,1,0
2025-10-30 02:48:12.170728,59.92,21,NY,51.21,1,1.6,1,0
2025-10-31 02:34:10.885443,47.93,8,FL,52.07,0,23.77,0,0
2025-10-31 17:56:38.640439,50.4,11,TX,52.35,0,15.37,0,0
2025-10-31 19:47:15.758483,51.35,13,NY,51.64,1,1.84,1,0
2025-10-31 20:40:09.985733,63.36,17,NY,52.2,2,0.88,1,0
2025-11-01 06:09:40.036772,44.87,9,NY,53.92,0,9.49,1,0
2025-11-01 18:31:10.307644,57.58,10,NY,52.23,0,12.36,1,0
2025-11-02 11:48:07.881177,37.93,19,NY,52.32,0,17.28,1,0
2025-11-03 07:01:03.618770,40.51,14,NY,49.33,0,19.22,1,0
2025-11-03 19:51:55.771772,56.95,22,NY,48.31,0,12.85,1,0
2025-11-04 06:19:02.741361,66.06,9,NY,51.08,0,10.45,1,0
2025-11-04 20:45:15.326006,47.37,13,NY,51.69,0,14.44,1,0
2025-11-05 10:16:58.935762,59.29,14,NY,51.64,0,13.53,1,0
2025-11-05 10:57:13.233124,57.91,14,NY,52.53,1,0.67,1,0
2025-11-05 11:57:32.970415,57.65,17,NY,53.18,2,1.01,1,0
2025-11-05 13:12:48.909810,61.12,18,NY,52.61,3,1.25,1,0
2025-11-06 09:44:45.098612,38.51,15,NY,54.24,0,20.53,1,0
2025-11-07 05:38:23.944224,31.82,9,NY,52.33,0,19.89,1,0
2025-11-07 10:06:36.755101,50.08,11,TX,51.72,1,4.47,0,0
2025-11-07 11:13:56.746866,64.04,9,FL,52.68,2,1.12,0,0
2025-11-08 05:17:41.165137,70.33,13,NY,53.39,0,18.06,1,0
2025-11-09 04:01:04.855826,42.13,17,NY,53.81,0,22.72,1,0
2025-11-09 18:56:59.372366,39.71,8,NY,53.29,0,14.93,1,0
2025-11-10 00:35:54.279478,70.05,19,NY,51.33,1,5.65,1,0
2025-11-10 03:23:57.708830,59.49,8,NY,52.54,1,2.8,1,0
2025-11-10 11:54:35.894504,46.97,15,NY,52.73,0,8.51,1,0
2025-11-11 11:46:32.659068,41.55,18,NY,51.31,0,23.87,1,0
2025-11-12 07:47:35.250772,53.23,16,NY,51.62,0,20.02,1,0
2025-11-13 03:46:01.412459,48.77,10,NY,53.76,0,19.97,1,0
2025-11-13 17:19:25.641386,58.94,17,NY,53.63,0,13.56,1,0
2025-11-13 21:23:47.732160,40.6,22,NY,53.12,1,4.07,1,0
2025-11-14 19:35:52.123305,57.64,13,NY,50.14,0,22.2,1,0
2025-11-15 05:55:04.355141,53.67,13,NY,51.7,0,10.32,1,0
2025-11-15 23:32:47.887640,42.59,21,NY,53.09,0,17.63,1,0
2025-11-16 05:52:19.027799,55.89,12,NY,50.35,1,6.33,1,0
2025-11-16 11:18:39.988696,61.9,14,NY,49.98,1,5.44,1,0
2025-11-16 15:20:42.484802,304.22,6,IL,51.48,1,4.03,0,1
2025-11-17 00:19:13.559309,57.44,9,FL,77.74,0,8.98,0,0
2025-11-17 09:19:55.091833,57.78,12,NY,78.17,0,9.01,1,0
2025-11-17 19:59:09.830596,50.8,19,FL,79.07,0,10.65,0,0
2025-11-17 20:33:38.008923,51.0,9,CA,78.25,1,0.57,0,0
2025-11-18 15:09:19.792160,52.79,8,NY,79.29,0,18.59,1,0
2025-11-19 13:49:59.105556,60.99,13,NY,78.81,0,22.68,1,0
2025-11-19 19:20:25.304602,25.01,16,NY,79.54,1,5.51,1,0
2025-11-20 00:09:36.676363,39.74,12,NY,77.78,1,4.82,1,0
2025-11-20 02:03:27.146030,39.9,20,NY,76.17,2,1.9,1,0
2025-11-20 06:46:57.154414,37.84,14,NY,73.97,2,4.73,1,0
2025-11-21 01:50:01.388737,73.0,11,NY,47.33,0,19.05,1,0
2025-11-21 07:48:36.377560,58.17,22,CA,48.89,1,5.98,0,0
2025-11-21 11:58:07.907859,38.03,20,NY,48.92,1,4.16,1,0
2025-11-21 20:16:38.919067,61.5,9,NY,47.65,0,8.31,1,0
2025-11-22 02:39:07.293966,47.51,22,IL,48.7,1,6.37,0,0
2025-11-22 03:19:27.207382,43.96,20,NY,48.17,1,0.67,1,0
2025-11-22 21:30:24.283182,46.65,22,NY,46.47,0,18.18,1,0
2025-11-23 16:52:45.979424,53.32,8,NY,48.63,0,19.37,1,0
2025-11-24 03:58:50.880828,54.83,20,TX,49.99,0,11.1,0,0
2025-11-25 03:51:55.845326,52.0,14,NY,51.48,0,23.88,1,0
2025-11-25 11:40:41.288462,44.89,16,NY,52.9,0,7.81,1,0
2025-11-25 16:32:36.252477,40.34,13,NY,50.09,1,4.87,1,0
2025-11-26 11:17:58.852338,58.22,22,NY,48.3,0,18.76,1,0
2025-11-27 05:07:34.766296,60.54,9,NY,50.32,0,17.83,1,0
2025-11-28 00:03:54.577722,69.15,22,NY,50.23,0,18.94,1,0
2025-11-28 14:09:59.040025,48.89,18,NY,52.39,0,14.1,1,0
2025-11-29 12:22:32.357918,57.6,11,NY,52.88,0,22.21,1,0
2025-11-29 16:33:45.749960,41.51,19,NY,53.98,1,4.19,1,0
2025-11-30 04:27:27.455874,55.0,14,TX,52.8,0,11.89,0,0
2025-11-30 06:23:13.124854,39.64,10,NY,52.81,1,1.93,1,0
2025-11-30 20:56:33.807035,57.98,12,NY,51.58,0,14.56,1,0
2025-12-01 12:54:54.709510,40.5,18,NY,52.89,0,15.97,1,0
2025-12-02 04:39:08.482755,65.79,8,NY,52.9,0,15.74,1,0
2025-12-03 04:24:57.908055,65.45,17,NY,53.66,0,23.76,1,0
2025-12-03 15:38:56.824246,43.34,21,NY,54.15,0,11.23,1,0
2025-12-04 00:38:49.149988,28.28,15,NY,51.57,0,9.0,1,0
2025-12-04 13:34:04.548282,38.35,10,NY,49.51,0,12.92,1,0
2025-12-05 11:13:16.498383,37.89,17,NY,47.58,0,21.65,1,0
2025-12-06 07:29:00.875460,41.58,16,NY,47.22,0,20.26,1,0
2025-12-07 07:14:13.471537,414.89,4,CA,45.88,0,23.75,0,1
2025-12-07 12:21:08.857239,65.73,15,NY,83.4,1,5.12,1,0
2025-12-08 11:11:23.993700,52.41,19,NY,84.18,0,22.84,1,0
2025-12-09 01:42:15.295805,40.65,13,NY,85.37,0,14.51,1,0
2025-12-09 08:08:40.846908,60.54,10,NY,82.86,1,6.44,1,0
2025-12-10 01:31:18.793966,44.84,21,NY,82.37,0,17.38,1,0
2025-12-10 06:39:42.946790,52.72,9,NY,82.52,1,5.14,1,0
2025-12-10 07:45:26.620914,41.89,21,NY,84.96,2,1.1,1,0
2025-12-10 14:08:28.728933,47.12,18,NY,85.31,1,6.38,1,0
2025-12-10 20:50:54.372848,50.48,14,NY,86.24,1,6.71,1,0
2025-12-11 16:21:15.129990,52.64,19,NY,87.13,0,19.51,1,0
2025-12-12 02:33:44.993436,63.15,10,NY,50.9,0,10.21,1,0
2025-12-12 12:10:47.218515,44.43,12,TX,50.64,0,9.62,0,0
2025-12-12 17:02:14.822956,66.57,22,NY,49.85,1,4.86,1,0
2025-12-13 06:58:28.778427,54.7,22,NY,52.44,0,13.94,1,0
2025-12-14 01:02:28.359799,28.37,9,NY,51.85,0,18.07,1,0
2025-12-14 22:57:03.815888,52.96,13,NY,50.21,0,21.91,1,0
2025-12-15 11:20:08.143264,59.76,15,NY,50.23,0,12.38,1,0
2025-12-16 02:19:24.227672,37.43,16,NY,52.02,0,14.99,1,0
2025-12-16 10:35:25.740786,59.6,14,NY,51.05,0,8.27,1,0
2025-12-17 08:24:46.160197,67.51,13,NY,51.96,0,21.82,1,0
2025-12-18 01:15:51.817891,42.89,20,NY,53.45,0,16.85,1,0
2025-12-18 09:52:44.020727,52.61,17,NY,51.42,0,8.61,1,0
2025-12-18 16:53:03.001680,44.99,20,NY,52.24,0,7.01,1,0
2025-12-19 14:10:02.082359,53.89,22,NY,50.08,0,21.28,1,0
2025-12-20 00:07:23.764355,53.08,11,NY,50.0,0,9.96,1,0
2025-12-20 06:24:21.329379,58.05,13,NY,52.47,1,6.28,1,0
2025-12-20 17:11:38.488307,61.55,17,NY,52.98,0,10.79,1,0
2025-12-21 11:09:18.187608,58.36,10,NY,53.16,0,17.96,1,0
2025-12-21 20:55:09.720338,39.57,18,NY,55.25,0,9.76,1,0
2025-12-22 08:35:15.380684,56.55,15,NY,53.25,0,11.67,1,0
2025-12-23 03:00:16.271311,79.9,16,NY,52.15,0,18.42,1,0
2025-12-23 17:55:14.541371,48.33,11,NY,55.86,0,14.92,1,0
2025-12-24 04:01:27.688462,45.72,16,NY,55.43,0,10.1,1,0
2025-12-24 22:19:03.271071,37.59,17,NY,55.5,0,18.29,1,0
2025-12-25 17:24:31.097947,240.07,4,CA,53.87,0,19.09,0,1
2025-12-26 02:19:03.406795,57.1,8,NY,72.57,0,8.91,1,0
2025-12-26 20:57:35.672246,40.47,9,NY,72.47,0,18.64,1,0
2025-12-27 09:08:10.939949,38.06,17,NY,70.37,0,12.18,1,0
2025-12-27 21:17:43.276469,46.63,9,NY,68.34,0,12.16,1,0
2025-12-28 05:40:02.016679,59.81,15,NY,69.04,0,8.37,1,0
2025-12-28 22:18:48.948788,42.02,10,NY,69.37,0,16.65,1,0
2025-12-29 04:07:31.746757,42.78,15,NY,65.58,1,5.81,1,0
2025-12-29 20:55:04.484498,44.82,13,NY,65.03,0,16.79,1,0
2025-12-30 14:45:26.816875,47.74,16,NY,64.94,0,17.84,1,0
2025-12-31 12:37:15.381510,61.59,19,NY,65.95,0,21.86,1,0
2025-12-31 22:57:10.582578,50.69,16,NY,48.1,0,10.33,1,0
2026-01-01 08:40:00.766676,62.75,10,NY,47.46,0,9.71,1,0
2026-01-02 00:08:19.870574,46.87,17,NY,49.69,0,15.47,1,0
2026-01-02 10:24:39.296388,53.73,19,NY,50.57,0,10.27,1,0
2026-01-03 05:19:23.017827,44.76,12,NY,51.28,0,18.91,1,0
2026-01-03 19:20:35.675435,42.25,8,NY,49.78,0,14.02,1,0
2026-01-03 22:37:41.441665,65.22,16,NY,49.8,1,3.28,1,0
2026-01-04 01:50:53.447645,54.25,15,NY,52.04,2,3.22,1,0
2026-01-04 13:50:51.708537,39.79,15,NY,52.98,0,12.0,1,0
2026-01-05 10:40:28.161318,54.2,8,NY,52.19,0,20.83,1,0
2026-01-05 12:57:33.360427,36.39,12,NY,51.45,1,2.28,1,0
2026-01-05 16:03:06.096361,22.97,17,NY,50.02,2,3.09,1,0
2026-01-05 22:41:37.779256,43.62,12,NY,46.04,1,6.64,1,0
2026-01-06 08:39:12.344575,43.03,21,NY,45.72,0,9.96,1,0
2026-01-06 18:40:29.162436,43.3,17,NY,44.65,0,10.02,1,0
2026-01-06 21:31:47.667067,44.34,8,NY,44.5,1,2.86,1,0
2026-01-07 08:26:42.872532,57.18,18,NY,44.71,0,10.92,1,0
2026-01-08 06:59:27.750555,59.84,8,NY,43.91,0,22.55,1,0
2026-01-08 11:32:36.194267,56.12,19,NY,44.47,1,4.55,1,0
2026-01-08 18:18:45.855882,44.2,17,NY,46.1,1,6.77,1,0
2026-01-09 00:14:40.490794,42.72,16,IL,45.1,1,5.93,0,0
2026-01-09 14:11:05.180057,46.53,9,NY,45.73,0,13.94,1,0
2026-01-09 16:58:55.579035,53.53,22,NY,48.09,1,2.8,1,0
2026-01-10 05:23:28.758037,58.65,22,IL,49.08,0,12.41,0,0
2026-01-10 13:02:56.548615,49.84,17,NY,50.64,0,7.66,1,0
2026-01-10 15:37:11.249743,35.21,22,NY,51.3,1,2.57,1,0
2026-01-11 13:29:22.382350,58.99,15,NY,50.38,0,21.87,1,0
2026-01-12 04:10:55.565130,48.3,22,TX,50.56,0,14.69,0,0
2026-01-12 23:09:39.519792,43.02,9,NY,49.41,0,18.98,1,0
2026-01-13 04:45:55.220565,58.36,18,NY,48.1,1,5.6,1,0
2026-01-13 12:22:00.352999,57.33,17,NY,49.52,0,7.6,1,0
2026-01-13 14:56:41.745757,44.72,17,NY,50.98,1,2.58,1,0
2026-01-14 03:19:10.603513,43.92,10,NY,50.79,0,12.37,1,0
2026-01-15 02:46:54.492708,59.47,16,NY,49.83,0,23.46,1,0
2026-01-15 15:10:03.817218,57.1,12,NY,49.92,0,12.39,1,0
2026-01-16 07:45:42.119801,47.12,10,IL,50.64,0,16.59,0,0
2026-01-16 16:34:25.154415,60.4,22,NY,51.83,0,8.81,1,0
2026-01-17 07:13:24.039000,41.41,11,NY,51.97,0,14.65,1,0
2026-01-17 07:57:30.427098,52.42,11,NY,51.28,1,0.74,1,0
2026-01-18 06:42:27.204237,55.79,10,NY,52.22,0,22.75,1,0
2026-01-19 00:58:00.496193,69.04,17,NY,51.97,0,18.26,1,0
2026-01-19 09:01:58.818126,35.42,15,NY,53.14,0,8.07,1,0
2026-01-19 19:39:12.276307,37.46,16,NY,52.21,0,10.62,1,0
2026-01-20 10:16:35.168034,79.65,14,NY,51.56,0,14.62,1,0
2026-01-21 03:15:37.731204,34.51,13,FL,53.58,0,16.98,0,0
2026-01-21 17:28:38.896651,47.39,9,NY,51.32,0,14.22,1,0
2026-01-22 10:41:49.812470,43.56,11,NY,51.35,0,17.22,1,0
2026-01-23 08:37:13.363193,59.4,11,NY,49.67,0,21.92,1,0
2026-01-23 09:56:42.101198,26.12,20,NY,51.46,1,1.32,1,0
2026-01-24 01:22:19.240250,31.43,16,NY,48.83,0,15.43,1,0
2026-01-24 04:53:29.172780,58.69,15,NY,46.4,1,3.52,1,0
2026-01-24 09:49:35.571259,52.4,21,NY,45.36,1,4.94,1,0
2026-01-24 11:43:53.134232,62.83,14,NY,47.06,2,1.9,1,0
2026-01-25 08:42:04.774023,59.65,9,NY,49.6,0,20.97,1,0
2026-01-25 20:59:43.154230,39.58,21,NY,47.6,0,12.29,1,0
2026-01-25 22:26:11.411429,54.32,8,NY,48.1,1,1.44,1,0
2026-01-26 00:21:27.268506,46.2,21,NY,48.8,2,1.92,1,0
2026-01-26 11:32:15.493637,44.5,16,NY,49.06,0,11.18,1,0
2026-01-26 21:17:35.683676,33.88,15,NY,47.57,0,9.76,1,0
2026-01-26 22:28:28.830588,60.79,22,NY,48.35,1,1.18,1,0
2026-01-27 12:48:16.450914,30.3,17,NY,51.28,0,14.33,1,0
2026-01-28 06:32:26.045837,51.05,22,NY,48.45,0,17.74,1,0
2026-01-28 10:57:50.369559,56.02,17,NY,48.31,1,4.42,1,0
2026-01-28 18:57:10.027604,45.87,18,NY,47.63,0,7.99,1,0
2026-01-29 04:13:41.019391,69.73,20,NY,46.25,0,9.28,1,0
2026-01-29 14:12:41.649577,42.19,22,NY,49.27,0,9.98,1,0
2026-01-30 07:54:03.848410,56.6,19,NY,48.05,0,17.69,1,0
2026-01-30 20:17:47.454990,49.43,17,NY,49.09,0,12.4,1,0
2026-01-31 10:10:07.316278,62.97,19,NY,49.59,0,13.87,1,0
2026-01-31 16:17:54.754905,60.93,11,NY,52.49,1,6.13,1,0
2026-02-01 05:05:29.039710,63.45,22,NY,52.51,0,12.79,1,0
2026-02-01 08:31:20.635198,53.22,15,NY,55.82,1,3.43,1,0
2026-02-01 16:10:48.614830,65.9,13,NY,56.04,0,7.66,1,0
2026-02-02 00:44:07.826487,43.52,14,NY,57.03,0,8.56,1,0
2026-02-02 20:39:29.222206,45.22,21,NY,56.79,0,19.92,1,0
2026-02-03 04:51:22.972005,53.27,15,NY,54.34,0,8.2,1,0
2026-02-03 15:46:18.279744,49.9,11,NY,55.45,0,10.92,1,0
2026-02-03 16:53:44.756670,57.11,11,NY,54.78,1,1.12,1,0
2026-02-03 21:01:51.907718,33.65,15,NY,55.55,2,4.14,1,0
2026-02-04 03:59:13.107034,38.22,15,NY,52.62,1,6.96,1,0
2026-02-05 03:58:14.410429,53.51,13,NY,50.35,0,23.98,1,0
2026-02-06 03:55:53.304515,51.63,9,NY,49.35,0,23.96,1,0
2026-02-06 14:44:42.665165,50.76,18,NY,49.19,0,10.81,1,0
2026-02-07 13:56:32.697974,37.86,12,NY,47.68,0,23.2,1,0
2026-02-08 11:05:01.270279,36.68,17,NY,47.11,0,21.14,1,0
2026-02-08 20:21:06.790537,59.3,11,NY,46.26,0,9.27,1,0
2026-02-09 03:51:14.278925,68.45,13,NY,46.86,0,7.5,1,0
2026-02-10 03:44:03.285522,41.08,11,NY,48.72,0,23.88,1,0
2026-02-10 09:52:52.961542,64.25,21,NY,47.11,1,6.15,1,0
2026-02-10 11:09:17.211200,31.37,22,NY,50.17,1,1.27,1,0
2026-02-10 22:16:29.908047,38.79,14,NY,49.49,0,11.12,1,0
2026-02-11 10:30:58.927344,28.04,9,NY,48.02,0,12.24,1,0
2026-02-11 13:02:00.814760,62.52,19,CA,45.66,1,2.52,0,0
2026-02-12 03:57:00.695513,44.88,8,NY,46.83,0,14.92,1,0
2026-02-12 21:54:52.362531,47.96,19,NY,47.54,0,17.96,1,0
2026-02-13 19:00:53.744223,40.61,13,TX,48.66,0,21.1,0,0
2026-02-14 09:03:07.276592,59.74,15,NY,46.8,0,14.04,1,0
2026-02-14 09:34:42.149902,55.45,12,NY,45.92,1,0.53,1,0
2026-02-14 22:36:57.971533,35.88,10,NY,47.36,0,13.04,1,0
2026-02-15 04:12:13.371110,49.72,11,NY,44.52,1,5.59,1,0
2026-02-15 06:35:27.210139,49.95,16,NY,46.36,1,2.39,1,0
2026-02-15 22:41:10.525087,60.45,19,NY,47.48,0,16.1,1,0
2026-02-16 14:48:38.008457,56.45,15,NY,50.72,0,16.12,1,0
2026-02-17 08:03:45.766500,56.94,11,NY,50.11,0,17.25,1,0
2026-02-18 03:14:16.228452,25.39,14,NY,51.32,0,19.18,1,0
2026-02-19 02:09:28.416946,70.84,21,NY,49.06,0,22.92,1,0
2026-02-19 05:39:33.370504,39.06,9,NY,52.08,1,3.5,1,0
2026-02-19 18:25:26.696165,31.4,16,NY,50.01,0,12.76,1,0
2026-02-20 01:27:03.194383,51.82,11,NY,47.61,0,7.03,1,0
2026-02-20 21:06:17.823741,43.7,15,NY,49.2,0,19.65,1,0
2026-02-20 23:13:28.204022,33.07,8,NY,48.6,1,2.12,1,0
2026-02-21 06:37:21.017430,43.65,13,NY,46.91,0,7.4,1,0
2026-02-21 14:53:28.315574,43.1,16,CA,45.23,0,8.27,0,0
2026-02-21 17:58:49.390121,53.92,20,NY,43.9,1,3.09,1,0
2026-02-21 22:54:22.510669,40.41,20,NY,43.6,1,4.93,1,0
2026-02-22 05:24:25.191640,54.39,18,NY,45.1,1,6.5,1,0
2026-02-22 12:35:17.924407,64.48,11,NY,43.45,0,7.18,1,0
2026-02-23 00:03:58.569208,42.4,22,NY,45.99,0,11.48,1,0
2026-02-23 23:13:51.966280,36.9,14,NY,47.09,0,23.16,1,0
2026-02-24 04:39:01.578665,55.88,17,NY,45.6,1,5.42,1,0
2026-02-24 13:55:16.193317,51.08,18,NY,46.82,0,9.27,1,0
2026-02-24 23:59:46.950452,60.84,18,NY,48.62,0,10.08,1,0
2026-02-25 10:11:50.409740,67.97,8,NY,50.34,0,10.2,1,0
2026-02-25 16:54:59.954401,62.38,18,NY,52.83,1,6.72,1,0
2026-02-25 18:32:18.368953,58.31,21,NY,53.67,1,1.62,1,0
2026-02-26 10:46:05.635660,42.68,12,NY,55.46,0,16.23,1,0
2026-02-27 05:58:40.999609,47.59,21,CA,54.29,0,19.21,0,0
2026-02-28 00:26:07.674111,43.6,13,IL,52.6,0,18.46,0,0
2026-02-28 23:52:01.182310,38.3,21,NY,52.72,0,23.43,1,0
2026-03-01 03:12:23.159911,44.61,14,NY,52.86,1,3.34,1,0
2026-03-01 04:13:10.344961,55.39,10,NY,51.74,2,1.01,1,0
2026-03-01 07:51:04.730058,47.79,17,NY,52.17,2,3.63,1,0
2026-03-01 12:46:39.954550,47.59,12,NY,50.86,1,4.93,1,0
2026-03-02 03:34:25.625904,44.57,13,NY,48.82,0,14.8,1,0
2026-03-03 00:44:27.241437,50.95,15,NY,47.04,0,21.17,1,0
2026-03-03 20:21:09.299483,41.95,13,NY,46.31,0,19.61,1,0
2026-03-04 15:49:29.309979,41.76,10,NY,46.23,0,19.47,1,0
2026-03-05 14:35:19.282177,52.57,9,NY,45.65,0,22.76,1,0
2026-03-05 17:26:59.496762,59.04,11,NY,46.55,1,2.86,1,0
2026-03-05 23:36:06.749004,38.46,21,NY,48.62,1,6.15,1,0
2026-03-06 01:40:57.110889,46.23,14,NY,48.01,1,2.08,1,0
2026-03-06 19:41:27.372969,41.1,10,NY,47.09,0,18.01,1,0
2026-03-07 05:58:44.805776,43.57,9,TX,46.42,0,10.29,0,0
2026-03-07 12:47:12.965857,69.94,19,NY,46.02,1,6.81,1,0
2026-03-08 02:28:39.103306,59.84,22,NY,48.56,0,13.69,1,0
2026-03-08 03:13:24.136362,51.95,10,FL,49.45,1,0.75,0,0
2026-03-08 04:29:26.905322,40.81,13,FL,50.45,2,1.27,0,0
2026-03-08 06:01:14.502381,47.63,19,NY,50.35,3,1.53,1,0
2026-03-09 01:30:30.133362,56.06,12,NY,49.86,0,19.49,1,0
2026-03-09 22:54:50.449567,57.24,12,NY,49.56,0,21.41,1,0
2026-03-10 13:28:01.843567,28.27,9,NY,51.44,0,14.55,1,0
2026-03-11 02:40:08.483224,55.31,18,NY,49.64,0,13.2,1,0
2026-03-11 19:14:01.574424,50.43,13,FL,51.06,0,16.56,0,0
2026-03-11 23:10:04.331767,63.82,18,NY,51.75,1,3.93,1,0
2026-03-12 16:11:45.825537,29.67,17,NY,51.14,0,17.03,1,0
2026-03-13 02:08:12.600267,61.58,18,NY,48.12,0,9.94,1,0
2026-03-13 21:52:24.806619,54.79,18,NY,49.08,0,19.74,1,0
2026-03-14 15:47:24.226512,58.19,8,NY,50.48,0,17.92,1,0
2026-03-15 14:23:15.485423,43.7,18,NY,51.54,0,22.6,1,0
2026-03-15 21:55:37.489825,46.07,18,CA,50.3,0,7.54,0,0
2026-03-16 16:43:44.405883,46.46,13,NY,49.18,0,18.8,1,0
2026-03-16 23:45:50.400868,36.0,22,NY,51.0,0,7.03,1,0
2026-03-17 13:12:58.268798,39.11,22,NY,49.07,0,13.45,1,0
2026-03-18 07:45:47.959184,55.87,12,TX,47.94,0,18.55,0,0
2026-03-18 19:12:18.448061,40.85,15,NY,47.14,0,11.44,1,0
2026-03-19 06:08:00.818117,38.13,15,NY,48.26,0,10.93,1,0
2026-03-19 10:52:54.961576,45.06,20,NY,45.92,1,4.75,1,0
2026-03-20 08:11:02.352452,61.06,14,NY,44.94,0,21.3,1,0
2026-03-21 04:08:00.460998,58.74,21,NY,45.23,0,19.95,1,0
2026-03-21 14:23:16.458780,45.58,19,NY,46.74,0,10.25,1,0
2026-03-22 05:05:07.282576,57.73,18,NY,46.69,0,14.7,1,0
2026-03-23 00:12:16.304271,54.25,10,NY,47.81,0,19.12,1,0
2026-03-23 19:47:33.049971,38.22,15,NY,49.64,0,19.59,1,0
2026-03-24 12:57:57.254606,30.26,18,TX,49.55,0,17.17,0,0
2026-03-25 00:20:05.205309,50.69,16,NY,46.99,0,11.37,1,0
2026-03-25 05:11:41.095664,71.49,13,NY,47.97,1,4.86,1,0
2026-03-25 19:46:40.925079,45.91,13,NY,51.31,0,14.58,1,0
2026-03-26 10:34:03.641867,58.86,17,NY,51.39,0,14.79,1,0
2026-03-26 15:14:02.859897,25.83,12,NY,51.17,1,4.67,1,0
2026-03-26 20:59:34.669457,47.1,16,NY,47.88,1,5.76,1,0
2026-03-26 22:01:43.361518,49.75,14,NY,48.03,2,1.04,1,0
2026-03-27 17:31:14.308263,55.88,19,NY,47.24,0,19.49,1,0
2026-03-28 07:12:38.673440,59.24,12,NY,47.4,0,13.69,1,0
2026-03-28 19:51:07.808014,59.34,10,NY,49.5,0,12.64,1,0
2026-03-29 14:52:42.140974,44.67,15,NY,52.41,0,19.03,1,0
2026-03-30 04:33:50.639102,42.31,10,CA,51.81,0,13.69,0,0
2026-03-30 17:16:34.445550,53.38,11,NY,48.89,0,12.71,1,0
2026-03-30 20:11:54.040472,45.18,22,NY,49.64,1,2.92,1,0
2026-03-31 12:43:31.790087,51.65,9,NY,48.27,0,16.53,1,0
2026-04-01 10:41:23.415282,45.94,19,NY,50.85,0,21.96,1,0
2026-04-02 01:24:27.301231,57.36,12,NY,50.73,0,14.72,1,0
2026-04-02 23:01:46.243510,40.13,22,TX,51.49,0,21.62,0,0
2026-04-03 05:52:50.678055,44.29,11,NY,49.92,1,6.85,1,0
2026-04-03 22:09:32.944335,48.96,19,NY,48.42,0,16.28,1,0
2026-04-03 23:37:56.492091,54.52,18,NY,47.39,1,1.47,1,0
2026-04-04 18:14:07.253356,62.07,16,NY,48.37,0,18.6,1,0
2026-04-04 19:48:14.490620,330.54,6,TX,50.35,1,1.57,0,1
2026-04-05 14:36:57.313435,48.86,12,NY,78.06,0,18.81,1,0
2026-04-06 03:21:59.394190,64.57,15,NY,78.43,0,12.75,1,0
2026-04-06 06:58:12.513448,36.4,12,NY,79.72,1,3.6,1,0
2026-04-06 15:00:07.772864,40.84,20,NY,78.77,0,8.03,1,0
2026-04-07 13:16:42.010843,63.58,12,NY,77.12,0,22.28,1,0
2026-04-08 02:22:39.506188,66.69,21,NY,79.46,0,13.1,1,0
2026-04-08 03:12:54.790241,53.7,10,TX,81.7,1,0.84,0,0
2026-04-08 22:11:02.639588,51.0,18,NY,82.18,0,18.97,1,0
2026-04-09 09:09:33.202363,44.04,15,NY,81.82,0,10.98,1,0
2026-04-10 02:29:53.120797,60.13,17,NY,80.02,0,17.34,1,0
2026-04-11 00:45:17.006319,46.96,18,FL,52.98,0,22.26,0,0
2026-04-11 16:43:38.629272,47.22,9,NY,52.79,0,15.97,1,0
2026-04-12 03:17:19.191805,45.79,18,NY,51.06,0,10.56,1,0
2026-04-13 00:05:03.323904,52.7,8,TX,51.99,0,20.8,0,0
2026-04-13 14:13:42.476298,41.78,8,NY,53.18,0,14.14,1,0
2026-04-14 00:56:57.893468,53.38,18,NY,51.0,0,10.72,1,0
2026-04-14 17:25:10.323411,219.14,4,FL,49.67,0,16.47,0,1
2026-04-15 14:05:44.908553,48.31,14,NY,66.21,0,20.68,1,0
2026-04-15 20:53:30.787968,59.78,16,NY,65.95,1,6.8,1,0
2026-04-16 13:29:28.833413,45.28,16,NY,67.52,0,16.6,1,0
2026-04-16 17:16:25.400056,38.2,9,NY,66.03,1,3.78,1,0
2026-04-17 11:57:37.754544,52.68,17,NY,65.16,0,18.69,1,0
2026-04-18 05:17:48.239234,57.69,10,NY,65.7,0,17.34,1,0
2026-04-18 15:35:57.169183,54.54,19,NY,66.89,0,10.3,1,0
2026-04-19 01:50:22.666557,35.42,15,NY,67.08,0,10.24,1,0
2026-04-19 13:08:42.676833,33.82,12,NY,66.44,0,11.31,1,0
2026-04-19 17:26:13.094836,67.83,10,NY,64.49,1,4.29,1,0
2026-04-20 00:05:37.150881,55.11,9,NY,49.36,1,6.66,1,0
2026-04-20 03:36:24.350443,292.36,5,TX,50.04,1,3.51,0,1
2026-04-20 15:41:01.589639,232.05,4,CA,73.29,0,12.08,0,1
2026-04-21 04:26:18.557681,58.4,16,NY,91.97,0,12.75,1,0
2026-04-21 13:10:50.131165,46.09,11,NY,93.99,0,8.74,1,0
2026-04-22 05:46:51.789100,56.62,11,NY,93.33,0,16.6,1,0
2026-04-22 10:29:35.475316,40.76,20,NY,93.22,1,4.71,1,0
2026-04-23 06:03:48.236843,49.95,22,CA,91.85,0,19.57,0,0
2026-04-23 06:35:22.666982,43.2,11,NY,93.3,1,0.53,1,0
2026-04-23 16:49:30.651045,47.11,16,NY,94.24,0,10.24,1,0
2026-04-24 08:34:14.070129,53.1,13,NY,92.17,0,15.75,1,0
2026-04-24 20:42:51.144785,42.68,21,NY,91.96,0,12.14,1,0
2026-04-25 20:31:31.648041,59.17,19,NY,67.0,0,23.81,1,0
2026-04-26 18:23:42.259365,28.04,13,NY,49.71,0,21.87,1,0
2026-04-27 10:14:20.660958,53.9,12,NY,46.67,0,15.84,1,0
2026-04-27 18:17:47.790590,62.37,21,NY,47.45,0,8.06,1,0
2026-04-28 15:23:01.340398,57.97,19,NY,48.03,0,21.09,1,0
2026-04-28 17:37:03.421892,56.91,10,NY,49.75,1,2.23,1,0
2026-04-29 03:04:56.567539,58.5,22,NY,50.45,0,9.46,1,0
2026-04-29 05:26:50.414684,50.14,9,NY,51.98,1,2.36,1,0
2026-04-29 12:43:19.782304,49.63,22,FL,52.28,0,7.27,0,0
2026-04-29 20:19:11.177168,60.54,13,NY,51.93,0,7.6,1,0
2026-04-30 18:33:29.127250,37.31,21,NY,53.72,0,22.24,1,0
2026-05-01 05:25:55.918329,36.94,15,NY,51.53,0,10.87,1,0
2026-05-01 21:59:59.746300,59.59,13,NY,52.42,0,16.57,1,0
2026-05-02 14:53:53.198505,39.69,22,NY,52.99,0,16.9,1,0
2026-05-02 19:41:35.639922,49.6,18,NY,50.72,1,4.8,1,0
2026-05-02 20:22:23.516027,54.75,22,NY,49.89,2,0.68,1,0
2026-05-03 11:00:08.849681,60.51,16,NY,49.67,0,14.63,1,0
2026-05-04 00:50:30.281967,41.98,13,NY,49.87,0,13.84,1,0
2026-05-04 10:18:07.165884,33.12,16,NY,49.05,0,9.46,1,0
2026-05-04 18:08:06.861008,66.3,16,NY,47.4,0,7.83,1,0
2026-05-05 02:35:49.992831,47.86,22,NY,47.98,0,8.46,1,0
2026-05-05 07:31:32.302679,44.07,8,TX,49.03,1,4.93,0,0
2026-05-06 03:52:01.695990,48.94,15,NY,49.75,0,20.34,1,0
2026-05-06 13:09:29.423195,41.78,11,NY,48.68,0,9.29,1,0
2026-05-07 03:31:03.512706,48.15,20,NY,48.89,0,14.36,1,0
2026-05-07 20:40:23.621435,63.71,15,NY,48.75,0,17.16,1,0
2026-05-07 21:27:27.071040,44.98,22,NY,49.64,1,0.78,1,0
2026-05-08 20:25:28.457606,51.86,14,NY,48.09,0,22.97,1,0
2026-05-09 01:23:07.485323,54.8,18,IL,49.08,1,4.96,0,0
2026-05-10 01:07:19.188264,54.37,14,TX,51.24,0,23.74,0,0
2026-05-10 01:49:58.889892,68.39,18,NY,50.05,1,0.71,1,0
2026-05-11 00:32:37.453558,42.25,11,NY,52.1,0,22.71,1,0
2026-05-11 16:42:32.558048,40.94,14,NY,51.92,0,16.17,1,0
2026-05-12 07:37:26.816369,63.27,17,NY,51.12,0,14.92,1,0
2026-05-12 17:53:40.411561,52.92,17,NY,53.27,0,10.27,1,0
2026-05-13 15:45:38.262023,55.09,18,NY,53.75,0,21.87,1,0
2026-05-14 09:46:25.826772,63.37,15,NY,52.89,0,18.01,1,0
2026-05-15 09:28:57.107642,74.41,11,IL,54.73,0,23.71,0,0
2026-05-15 19:03:27.448638,43.83,17,NY,56.98,0,9.58,1,0
2026-05-16 08:49:13.980915,44.92,12,NY,55.88,0,13.76,1,0
2026-05-16 20:00:59.418847,49.02,10,NY,54.94,0,11.2,1,0
2026-05-17 04:38:15.037922,41.14,20,NY,53.0,0,8.62,1,0
2026-05-17 21:21:11.729865,38.12,18,NY,52.89,0,16.72,1,0
2026-05-18 16:13:04.954166,59.12,19,NY,52.61,0,18.86,1,0
2026-05-19 14:04:04.424399,37.83,15,NY,52.19,0,21.85,1,0
2026-05-19 19:46:12.041575,33.23,18,NY,50.68,1,5.7,1,0
2026-05-20 15:17:34.259869,57.66,15,NY,48.5,0,19.52,1,0
2026-05-21 13:51:25.413238,32.65,15,NY,47.93,0,22.56,1,0
2026-05-22 05:00:05.709265,39.39,22,NY,43.75,0,15.14,1,0
2026-05-22 20:35:50.297253,35.51,19,NY,43.31,0,15.6,1,0
2026-05-23 06:11:24.861041,52.18,11,NY,42.37,0,9.59,1,0
2026-05-24 00:01:01.393889,32.01,11,NY,42.68,0,17.83,1,0
2026-05-24 21:15:45.867566,60.25,12,NY,41.77,0,21.25,1,0
2026-05-25 19:33:39.312174,50.35,10,NY,43.98,0,22.3,1,0
2026-05-26 13:01:18.684610,26.83,11,CA,43.11,0,17.46,0,0
2026-05-27 05:56:38.398716,48.08,15,NY,42.01,0,16.92,1,0
2026-05-27 11:16:42.474012,66.34,16,NY,43.49,1,5.33,1,0
2026-05-28 08:20:24.592889,60.62,10,NY,44.36,0,21.06,1,0
2026-05-28 22:36:13.394799,48.24,12,NY,47.16,0,14.26,1,0
2026-05-29 04:21:06.760978,58.44,20,NY,48.04,1,5.75,1,0
2026-05-29 19:49:44.876315,32.6,16,NY,50.33,0,15.48,1,0
2026-05-30 18:58:11.149995,59.13,12,NY,48.38,0,23.14,1,0
2026-05-30 22:03:06.772481,61.52,8,NY,51.09,1,3.08,1,0
2026-05-31 13:13:17.186791,35.94,22,NY,51.22,0,15.17,1,0
2026-06-01 08:46:59.410921,39.45,22,NY,49.77,0,19.56,1,0
2026-06-02 06:57:59.275852,35.61,21,NY,51.04,0,22.18,1,0
2026-06-02 09:37:17.304013,34.87,13,NY,49.79,1,2.66,1,0
2026-06-03 02:33:53.108882,38.83,14,NY,46.64,0,16.94,1,0
2026-06-03 03:25:27.026146,54.27,22,NY,44.46,1,0.86,1,0
2026-06-04 02:10:22.176533,48.22,22,NY,45.07,0,22.75,1,0
2026-06-04 05:42:35.821273,54.12,13,NY,44.04,1,3.54,1,0
2026-06-04 17:19:29.909019,47.58,14,NY,46.2,0,11.62,1,0
2026-06-05 03:39:49.748852,50.53,21,NY,45.04,0,10.34,1,0
2026-06-05 23:35:06.196320,41.47,11,NY,43.94,0,19.92,1,0
2026-06-06 11:04:31.607480,50.95,17,NY,44.5,0,11.49,1,0
2026-06-06 16:13:30.797275,39.36,16,NY,45.64,1,5.15,1,0
2026-06-07 07:53:53.652248,44.71,16,NY,46.02,0,15.67,1,0
2026-06-08 03:04:45.264219,45.72,20,NY,47.0,0,19.18,1,0
2026-06-08 15:15:28.739579,53.78,18,FL,47.69,0,12.18,0,0
2026-06-08 17:02:55.267550,51.99,9,NY,47.64,1,1.79,1,0
2026-06-09 13:41:29.308900,68.64,21,NY,48.02,0,20.64,1,0
2026-06-09 18:23:53.828840,51.07,9,NY,49.47,1,4.71,1,0
2026-06-10 09:40:29.546488,40.82,22,NY,49.82,0,15.28,1,0
2026-06-11 06:55:56.393537,37.03,19,NY,48.85,0,21.26,1,0
2026-06-11 19:15:51.097079,46.22,12,NY,48.41,0,12.33,1,0
2026-06-12 12:50:32.296534,31.41,10,NY,47.93,0,17.58,1,0
2026-06-13 05:24:50.269822,50.23,19,TX,47.14,0,16.57,0,0
2026-06-13 14:12:03.689723,49.43,13,NY,47.69,0,8.79,1,0
2026-06-13 21:23:26.048163,61.63,12,NY,48.06,0,7.19,1,0
2026-06-14 17:30:31.643014,33.3,14,NY,48.85,0,20.12,1,0
2026-06-15 03:33:37.888706,67.28,10,TX,46.98,0,10.05,0,0
2026-06-15 04:40:00.736554,40.64,10,NY,46.84,1,1.11,1,0
2026-06-15 07:52:15.089437,60.32,11,NY,45.8,2,3.2,1,0
2026-06-15 18:48:38.947406,62.48,14,NY,47.75,0,10.94,1,0
2026-06-16 03:08:18.602622,35.64,20,NY,50.29,0,8.33,1,0
2026-06-16 23:37:01.715215,48.13,10,NY,49.24,0,20.48,1,0
2026-06-17 18:06:20.279803,64.92,9,NY,50.91,0,18.49,1,0
2026-06-17 22:54:00.591933,51.69,8,NY,52.38,1,4.79,1,0
2026-06-18 07:23:01.963039,48.88,22,NY,52.6,0,8.48,1,0
2026-06-18 17:41:41.005139,37.57,22,NY,51.33,0,10.31,1,0
2026-06-19 08:52:20.140495,49.76,16,NY,51.76,0,15.18,1,0
2026-06-19 14:32:24.145400,48.53,13,NY,50.0,1,5.67,1,0
2026-06-19 16:36:43.885278,65.78,22,NY,50.79,1,2.07,1,0
2026-06-19 19:51:44.910387,40.04,8,NY,51.34,2,3.25,1,0
2026-06-20 11:12:04.878169,61.02,13,NY,49.09,0,15.34,1,0
2026-06-21 01:33:48.777216,330.79,3,IL,51.63,0,14.36,0,1
2026-06-21 20:28:21.584757,61.11,19,NY,79.9,0,18.91,1,0
2026-06-22 11:05:31.618075,54.74,20,NY,79.52,0,14.62,1,0
2026-06-22 15:22:12.525875,68.45,8,NY,79.82,1,4.28,1,0
2026-06-22 20:32:00.203804,62.73,9,NY,81.78,1,5.16,1,0
2026-06-23 20:15:51.677590,52.32,12,NY,84.3,0,23.73,1,0
2026-06-24 09:55:52.265246,48.86,20,CA,84.55,0,13.67,0,0
2026-06-24 12:55:34.118026,45.78,8,NY,84.58,1,2.99,1,0
2026-06-24 13:36:10.652936,35.23,10,NY,82.58,2,0.68,1,0
2026-06-24 15:22:18.602607,32.03,18,NY,82.1,3,1.77,1,0
2026-06-24 22:46:42.207134,40.48,14,NY,79.2,0,7.41,1,0
2026-06-25 21:54:34.082412,59.57,20,NY,50.17,0,23.13,1,0
2026-06-26 14:25:11.828810,60.25,8,NY,50.02,0,16.51,1,0
2026-06-27 02:47:22.794401,48.66,21,NY,50.57,0,12.37,1,0
2026-06-27 19:54:12.205774,63.07,13,NY,48.59,0,17.11,1,0
2026-06-28 03:50:39.436518,31.21,14,NY,48.62,0,7.94,1,0
2026-06-28 09:50:45.783011,55.26,8,NY,46.51,1,6.0,1,0
2026-06-29 08:42:37.292836,42.3,17,NY,47.15,0,22.86,1,0
2026-06-29 09:55:30.663577,63.64,14,NY,46.81,1,1.21,1,0
2026-06-29 23:08:17.070460,53.44,8,NY,49.65,0,13.21,1,0
2026-06-30 08:12:19.303684,43.58,10,NY,51.79,0,9.07,1,0
2026-06-30 17:37:25.811633,54.54,11,NY,52.1,0,9.42,1,0
2026-07-01 09:38:30.930143,51.78,19,NY,51.59,0,16.02,1,0
2026-07-01 20:05:56.042713,47.83,21,NY,50.75,0,10.46,1,0
2026-07-02 18:14:29.341529,51.58,14,NY,50.66,0,22.14,1,0
2026-07-03 01:56:56.101482,42.3,15,NY,49.52,0,7.71,1,0
2026-07-03 06:26:59.465983,56.57,20,NY,50.62,1,4.5,1,0
2026-07-03 12:49:52.495050,64.47,15,NY,50.76,1,6.38,1,0
2026-07-04 08:25:35.372367,63.54,16,NY,52.97,0,19.6,1,0
2026-07-04 10:09:28.710985,42.33,17,NY,52.96,1,1.73,1,0
2026-07-05 06:23:47.144796,47.35,20,NY,51.85,0,20.24,1,0
2026-07-05 08:58:09.617027,69.9,16,NY,52.23,1,2.57,1,0
2026-07-06 08:03:20.124652,52.95,20,NY,53.76,0,23.09,1,0
2026-07-06 12:05:45.746740,59.66,18,NY,53.88,1,4.04,1,0
2026-07-07 06:40:10.512597,71.2,12,NY,55.06,0,18.57,1,0
2026-07-08 00:13:14.331639,47.24,10,NY,57.03,0,17.55,1,0
2026-07-08 11:22:35.027454,60.92,16,NY,57.52,0,11.16,1,0
2026-07-09 11:03:41.080737,47.01,18,NY,57.96,0,23.69,1,0
2026-07-10 08:25:08.444885,43.94,13,NY,56.21,0,21.36,1,0
2026-07-11 06:24:50.390040,46.65,20,NY,54.25,0,21.99,1,0
2026-07-11 08:31:11.842244,52.33,22,IL,54.68,1,2.11,0,0
2026-07-12 05:08:26.202114,44.58,17,NY,55.18,0,20.62,1,0
2026-07-12 14:12:31.196458,44.58,11,NY,52.65,0,9.07,1,0
2026-07-13 13:44:18.649497,51.8,15,NY,51.81,0,23.53,1,0
2026-07-13 20:54:13.893974,32.96,15,NY,51.02,0,7.17,1,0
2026-07-14 11:57:16.143988,30.8,11,NY,47.2,0,15.05,1,0
2026-07-15 00:21:08.650947,47.67,17,NY,45.56,0,12.4,1,0
2026-07-15 02:16:31.779037,38.93,14,NY,44.23,1,1.92,1,0
2026-07-16 02:04:13.224355,45.7,17,NY,43.42,0,23.79,1,0
2026-07-16 14:27:58.439984,53.57,14,NY,43.6,0,12.4,1,0
2026-07-17 06:00:40.994790,62.59,22,NY,44.29,0,15.55,1,0
2026-07-17 08:15:33.646545,53.45,15,NY,45.32,1,2.25,1,0
2026-07-18 02:18:18.516653,66.1,22,NY,46.2,0,18.05,1,0
2026-07-18 16:16:19.636755,56.55,10,NY,48.36,0,13.97,1,0
2026-07-18 20:07:25.912062,56.12,16,NY,48.83,1,3.85,1,0
2026-07-19 17:16:12.608162,61.54,17,TX,51.15,0,21.15,0,0
2026-07-19 23:50:06.924837,48.72,10,NY,54.22,1,6.57,1,0
2026-07-20 15:43:20.336329,372.96,2,TX,54.33,0,15.89,0,1
2026-07-21 09:09:33.920913,62.17,16,NY,87.73,0,17.44,1,0
2026-07-22 09:00:01.444032,44.72,21,NY,89.38,0,23.84,1,0
2026-07-22 16:28:23.176633,50.87,12,NY,88.49,0,7.47,1,0
2026-07-23 11:35:28.239993,65.86,11,NY,87.32,0,19.12,1,0
2026-07-24 07:04:29.685918,26.2,8,NY,88.56,0,19.48,1,0
2026-07-25 04:37:17.098112,56.48,16,NY,84.57,0,21.55,1,0
2026-07-25 09:07:37.022195,40.28,15,NY,84.56,1,4.51,1,0
2026-07-25 12:36:39.447927,50.17,8,NY,82.98,1,3.48,1,0
2026-07-26 02:42:44.373234,62.98,17,NY,81.84,0,14.1,1,0
2026-07-26 23:57:21.631809,62.37,21,NY,83.27,0,21.24,1,0
2026-07-27 04:22:53.055488,36.89,21,NY,52.21,1,4.43,1,0
2026-07-27 21:44:17.644010,63.51,15,NY,49.68,0,17.36,1,0
2026-07-28 08:22:10.681449,49.36,14,NY,51.56,0,10.63,1,0
2026-07-29 01:57:22.811458,46.05,20,NY,51.41,0,17.59,1,0
2026-07-29 10:08:52.619878,47.47,14,NY,49.43,0,8.19,1,0
2026-07-29 19:12:20.801304,67.22,12,NY,51.56,0,9.06,1,0
2026-07-30 04:54:26.414786,56.79,14,NY,52.63,0,9.7,1,0
2026-07-30 08:37:30.483816,59.03,21,IL,54.28,1,3.72,0,0
2026-07-30 18:00:54.871118,36.58,13,NY,55.17,0,9.39,1,0
2026-07-31 00:20:57.203426,41.64,10,NY,52.53,1,6.33,1,0
2026-07-31 14:03:15.761632,60.01,16,NY,50.45,0,13.71,1,0
2026-08-01 12:26:40.562165,58.56,10,NY,52.77,0,22.39,1,0
2026-08-01 15:18:09.120520,52.38,18,NY,52.27,1,2.86,1,0
2026-08-01 17:54:16.873041,60.06,14,NY,52.57,2,2.6,1,0
